"filename", "language", "Java Properties", "YAML", "XML", "Java", "comment", "blank", "total"
"d:\Code\freshmart-irs\backend\pom.xml", "XML", 0, 0, 85, 0, 0, 10, 95
"d:\Code\freshmart-irs\backend\src\main\java\com\freshmart\irs\FreshmartIrsBackendApplication.java", "Java", 0, 0, 0, 14, 0, 3, 17
"d:\Code\freshmart-irs\backend\src\main\java\com\freshmart\irs\api\AlertsController.java", "Java", 0, 0, 0, 94, 0, 7, 101
"d:\Code\freshmart-irs\backend\src\main\java\com\freshmart\irs\api\AuthController.java", "Java", 0, 0, 0, 69, 0, 9, 78
"d:\Code\freshmart-irs\backend\src\main\java\com\freshmart\irs\api\CartsController.java", "Java", 0, 0, 0, 49, 0, 7, 56
"d:\Code\freshmart-irs\backend\src\main\java\com\freshmart\irs\api\CustomerOrdersController.java", "Java", 0, 0, 0, 107, 0, 8, 115
"d:\Code\freshmart-irs\backend\src\main\java\com\freshmart\irs\api\InventoryController.java", "Java", 0, 0, 0, 83, 0, 6, 89
"d:\Code\freshmart-irs\backend\src\main\java\com\freshmart\irs\api\PaymentsController.java", "Java", 0, 0, 0, 33, 0, 5, 38
"d:\Code\freshmart-irs\backend\src\main\java\com\freshmart\irs\api\ProductsController.java", "Java", 0, 0, 0, 82, 0, 10, 92
"d:\Code\freshmart-irs\backend\src\main\java\com\freshmart\irs\api\ReplenishmentSuggestionsController.java", "Java", 0, 0, 0, 115, 0, 9, 124
"d:\Code\freshmart-irs\backend\src\main\java\com\freshmart\irs\api\RolesController.java", "Java", 0, 0, 0, 29, 0, 5, 34
"d:\Code\freshmart-irs\backend\src\main\java\com\freshmart\irs\api\SalesController.java", "Java", 0, 0, 0, 87, 0, 7, 94
"d:\Code\freshmart-irs\backend\src\main\java\com\freshmart\irs\api\StockInController.java", "Java", 0, 0, 0, 75, 0, 8, 83
"d:\Code\freshmart-irs\backend\src\main\java\com\freshmart\irs\api\UsersController.java", "Java", 0, 0, 0, 89, 0, 10, 99
"d:\Code\freshmart-irs\backend\src\main\java\com\freshmart\irs\common\ApiResponse.java", "Java", 0, 0, 0, 41, 0, 13, 54
"d:\Code\freshmart-irs\backend\src\main\java\com\freshmart\irs\common\BizException.java", "Java", 0, 0, 0, 11, 0, 4, 15
"d:\Code\freshmart-irs\backend\src\main\java\com\freshmart\irs\common\ErrorCode.java", "Java", 0, 0, 0, 21, 0, 7, 28
"d:\Code\freshmart-irs\backend\src\main\java\com\freshmart\irs\common\GlobalExceptionHandler.java", "Java", 0, 0, 0, 26, 0, 6, 32
"d:\Code\freshmart-irs\backend\src\main\java\com\freshmart\irs\common\PageResponse.java", "Java", 0, 0, 0, 14, 0, 5, 19
"d:\Code\freshmart-irs\backend\src\main\java\com\freshmart\irs\common\TraceIdHolder.java", "Java", 0, 0, 0, 18, 0, 7, 25
"d:\Code\freshmart-irs\backend\src\main\java\com\freshmart\irs\config\MybatisPlusConfig.java", "Java", 0, 0, 0, 15, 0, 3, 18
"d:\Code\freshmart-irs\backend\src\main\java\com\freshmart\irs\config\OpenApiConfig.java", "Java", 0, 0, 0, 23, 0, 4, 27
"d:\Code\freshmart-irs\backend\src\main\java\com\freshmart\irs\config\TraceIdFilter.java", "Java", 0, 0, 0, 29, 0, 5, 34
"d:\Code\freshmart-irs\backend\src\main\java\com\freshmart\irs\dto\alert\AlertActionCreateRequest.java", "Java", 0, 0, 0, 8, 0, 3, 11
"d:\Code\freshmart-irs\backend\src\main\java\com\freshmart\irs\dto\alert\AlertActionResponse.java", "Java", 0, 0, 0, 12, 0, 4, 16
"d:\Code\freshmart-irs\backend\src\main\java\com\freshmart\irs\dto\alert\AlertDetailResponse.java", "Java", 0, 0, 0, 19, 0, 4, 23
"d:\Code\freshmart-irs\backend\src\main\java\com\freshmart\irs\dto\alert\AlertListItemResponse.java", "Java", 0, 0, 0, 17, 0, 4, 21
"d:\Code\freshmart-irs\backend\src\main\java\com\freshmart\irs\dto\auth\LoginRequest.java", "Java", 0, 0, 0, 8, 0, 4, 12
"d:\Code\freshmart-irs\backend\src\main\java\com\freshmart\irs\dto\auth\LoginResponse.java", "Java", 0, 0, 0, 12, 0, 5, 17
"d:\Code\freshmart-irs\backend\src\main\java\com\freshmart\irs\dto\auth\MeResponse.java", "Java", 0, 0, 0, 13, 0, 5, 18
"d:\Code\freshmart-irs\backend\src\main\java\com\freshmart\irs\dto\auth\RegisterRequest.java", "Java", 0, 0, 0, 11, 0, 3, 14
"d:\Code\freshmart-irs\backend\src\main\java\com\freshmart\irs\dto\cart\CartItemRemoveResponse.java", "Java", 0, 0, 0, 7, 0, 3, 10
"d:\Code\freshmart-irs\backend\src\main\java\com\freshmart\irs\dto\cart\CartItemResponse.java", "Java", 0, 0, 0, 7, 0, 3, 10
"d:\Code\freshmart-irs\backend\src\main\java\com\freshmart\irs\dto\cart\CartItemSetRequest.java", "Java", 0, 0, 0, 8, 0, 3, 11
"d:\Code\freshmart-irs\backend\src\main\java\com\freshmart\irs\dto\cart\CartItemSetResponse.java", "Java", 0, 0, 0, 8, 0, 3, 11
"d:\Code\freshmart-irs\backend\src\main\java\com\freshmart\irs\dto\cart\CartResponse.java", "Java", 0, 0, 0, 9, 0, 4, 13
"d:\Code\freshmart-irs\backend\src\main\java\com\freshmart\irs\dto\common\IdResponse.java", "Java", 0, 0, 0, 6, 0, 4, 10
"d:\Code\freshmart-irs\backend\src\main\java\com\freshmart\irs\dto\customerorder\CustomerOrderCreateItemRequest.java", "Java", 0, 0, 0, 9, 0, 3, 12
"d:\Code\freshmart-irs\backend\src\main\java\com\freshmart\irs\dto\customerorder\CustomerOrderCreateRequest.java", "Java", 0, 0, 0, 8, 0, 4, 12
"d:\Code\freshmart-irs\backend\src\main\java\com\freshmart\irs\dto\customerorder\CustomerOrderCreateResponse.java", "Java", 0, 0, 0, 13, 0, 4, 17
"d:\Code\freshmart-irs\backend\src\main\java\com\freshmart\irs\dto\customerorder\CustomerOrderDetailResponse.java", "Java", 0, 0, 0, 19, 0, 4, 23
"d:\Code\freshmart-irs\backend\src\main\java\com\freshmart\irs\dto\customerorder\CustomerOrderItemResponse.java", "Java", 0, 0, 0, 11, 0, 4, 15
"d:\Code\freshmart-irs\backend\src\main\java\com\freshmart\irs\dto\customerorder\CustomerOrderListItemResponse.java", "Java", 0, 0, 0, 13, 0, 4, 17
"d:\Code\freshmart-irs\backend\src\main\java\com\freshmart\irs\dto\inventory\InventoryBatchListItemResponse.java", "Java", 0, 0, 0, 15, 0, 5, 20
"d:\Code\freshmart-irs\backend\src\main\java\com\freshmart\irs\dto\inventory\InventoryLedgerListItemResponse.java", "Java", 0, 0, 0, 15, 0, 5, 20
"d:\Code\freshmart-irs\backend\src\main\java\com\freshmart\irs\dto\payment\CustomerOrderPaymentRequest.java", "Java", 0, 0, 0, 9, 0, 4, 13
"d:\Code\freshmart-irs\backend\src\main\java\com\freshmart\irs\dto\payment\CustomerOrderPaymentResponse.java", "Java", 0, 0, 0, 10, 0, 3, 13
"d:\Code\freshmart-irs\backend\src\main\java\com\freshmart\irs\dto\payment\PaymentDetailResponse.java", "Java", 0, 0, 0, 14, 0, 4, 18
"d:\Code\freshmart-irs\backend\src\main\java\com\freshmart\irs\dto\payment\PaymentSummaryResponse.java", "Java", 0, 0, 0, 12, 0, 4, 16
"d:\Code\freshmart-irs\backend\src\main\java\com\freshmart\irs\dto\product\ProductDetailResponse.java", "Java", 0, 0, 0, 14, 0, 5, 19
"d:\Code\freshmart-irs\backend\src\main\java\com\freshmart\irs\dto\product\ProductListItemResponse.java", "Java", 0, 0, 0, 13, 0, 5, 18
"d:\Code\freshmart-irs\backend\src\main\java\com\freshmart\irs\dto\product\ProductUpsertRequest.java", "Java", 0, 0, 0, 16, 0, 5, 21
"d:\Code\freshmart-irs\backend\src\main\java\com\freshmart\irs\dto\replenishment\ReplenishmentApproveRequest.java", "Java", 0, 0, 0, 7, 0, 4, 11
"d:\Code\freshmart-irs\backend\src\main\java\com\freshmart\irs\dto\replenishment\ReplenishmentApproveResponse.java", "Java", 0, 0, 0, 11, 0, 4, 15
"d:\Code\freshmart-irs\backend\src\main\java\com\freshmart\irs\dto\replenishment\ReplenishmentDetailResponse.java", "Java", 0, 0, 0, 16, 0, 4, 20
"d:\Code\freshmart-irs\backend\src\main\java\com\freshmart\irs\dto\replenishment\ReplenishmentGenerateRequest.java", "Java", 0, 0, 0, 12, 0, 4, 16
"d:\Code\freshmart-irs\backend\src\main\java\com\freshmart\irs\dto\replenishment\ReplenishmentGenerateResponse.java", "Java", 0, 0, 0, 11, 0, 4, 15
"d:\Code\freshmart-irs\backend\src\main\java\com\freshmart\irs\dto\replenishment\ReplenishmentItemResponse.java", "Java", 0, 0, 0, 11, 0, 3, 14
"d:\Code\freshmart-irs\backend\src\main\java\com\freshmart\irs\dto\replenishment\ReplenishmentListItemResponse.java", "Java", 0, 0, 0, 13, 0, 4, 17
"d:\Code\freshmart-irs\backend\src\main\java\com\freshmart\irs\dto\replenishment\ReplenishmentRejectRequest.java", "Java", 0, 0, 0, 7, 0, 3, 10
"d:\Code\freshmart-irs\backend\src\main\java\com\freshmart\irs\dto\replenishment\ReplenishmentRejectResponse.java", "Java", 0, 0, 0, 12, 0, 4, 16
"d:\Code\freshmart-irs\backend\src\main\java\com\freshmart\irs\dto\role\RoleResponse.java", "Java", 0, 0, 0, 9, 0, 4, 13
"d:\Code\freshmart-irs\backend\src\main\java\com\freshmart\irs\dto\sale\SaleOrderCreateItemRequest.java", "Java", 0, 0, 0, 12, 0, 4, 16
"d:\Code\freshmart-irs\backend\src\main\java\com\freshmart\irs\dto\sale\SaleOrderCreateRequest.java", "Java", 0, 0, 0, 11, 0, 4, 15
"d:\Code\freshmart-irs\backend\src\main\java\com\freshmart\irs\dto\sale\SaleOrderCreateResponse.java", "Java", 0, 0, 0, 10, 0, 4, 14
"d:\Code\freshmart-irs\backend\src\main\java\com\freshmart\irs\dto\sale\SaleOrderDetailResponse.java", "Java", 0, 0, 0, 15, 0, 4, 19
"d:\Code\freshmart-irs\backend\src\main\java\com\freshmart\irs\dto\sale\SaleOrderItemResponse.java", "Java", 0, 0, 0, 12, 0, 4, 16
"d:\Code\freshmart-irs\backend\src\main\java\com\freshmart\irs\dto\sale\SaleOrderListItemResponse.java", "Java", 0, 0, 0, 13, 0, 4, 17
"d:\Code\freshmart-irs\backend\src\main\java\com\freshmart\irs\dto\stockin\StockInOrderCreateItemRequest.java", "Java", 0, 0, 0, 15, 0, 5, 20
"d:\Code\freshmart-irs\backend\src\main\java\com\freshmart\irs\dto\stockin\StockInOrderCreateRequest.java", "Java", 0, 0, 0, 13, 0, 5, 18
"d:\Code\freshmart-irs\backend\src\main\java\com\freshmart\irs\dto\stockin\StockInOrderCreateResponse.java", "Java", 0, 0, 0, 8, 0, 4, 12
"d:\Code\freshmart-irs\backend\src\main\java\com\freshmart\irs\dto\stockin\StockInOrderDetailResponse.java", "Java", 0, 0, 0, 13, 0, 5, 18
"d:\Code\freshmart-irs\backend\src\main\java\com\freshmart\irs\dto\stockin\StockInOrderItemResponse.java", "Java", 0, 0, 0, 13, 0, 5, 18
"d:\Code\freshmart-irs\backend\src\main\java\com\freshmart\irs\dto\stockin\StockInOrderListItemResponse.java", "Java", 0, 0, 0, 12, 0, 5, 17
"d:\Code\freshmart-irs\backend\src\main\java\com\freshmart\irs\dto\user\UserCreateRequest.java", "Java", 0, 0, 0, 13, 0, 5, 18
"d:\Code\freshmart-irs\backend\src\main\java\com\freshmart\irs\dto\user\UserDetailResponse.java", "Java", 0, 0, 0, 13, 0, 5, 18
"d:\Code\freshmart-irs\backend\src\main\java\com\freshmart\irs\dto\user\UserListItemResponse.java", "Java", 0, 0, 0, 13, 0, 5, 18
"d:\Code\freshmart-irs\backend\src\main\java\com\freshmart\irs\dto\user\UserRolesUpdateRequest.java", "Java", 0, 0, 0, 8, 0, 5, 13
"d:\Code\freshmart-irs\backend\src\main\java\com\freshmart\irs\dto\user\UserUpdateRequest.java", "Java", 0, 0, 0, 13, 0, 3, 16
"d:\Code\freshmart-irs\backend\src\main\java\com\freshmart\irs\entity\AuditEventEntity.java", "Java", 0, 0, 0, 79, 0, 30, 109
"d:\Code\freshmart-irs\backend\src\main\java\com\freshmart\irs\entity\RoleEntity.java", "Java", 0, 0, 0, 54, 0, 21, 75
"d:\Code\freshmart-irs\backend\src\main\java\com\freshmart\irs\entity\UserEntity.java", "Java", 0, 0, 0, 69, 0, 27, 96
"d:\Code\freshmart-irs\backend\src\main\java\com\freshmart\irs\entity\UserRoleEntity.java", "Java", 0, 0, 0, 49, 0, 18, 67
"d:\Code\freshmart-irs\backend\src\main\java\com\freshmart\irs\enums\AlertStatus.java", "Java", 0, 0, 0, 9, 0, 3, 12
"d:\Code\freshmart-irs\backend\src\main\java\com\freshmart\irs\enums\CustomerOrderStatus.java", "Java", 0, 0, 0, 9, 0, 3, 12
"d:\Code\freshmart-irs\backend\src\main\java\com\freshmart\irs\enums\PaymentStatus.java", "Java", 0, 0, 0, 7, 0, 3, 10
"d:\Code\freshmart-irs\backend\src\main\java\com\freshmart\irs\enums\ProductStatus.java", "Java", 0, 0, 0, 7, 0, 4, 11
"d:\Code\freshmart-irs\backend\src\main\java\com\freshmart\irs\enums\ReplenishmentApprovalStatus.java", "Java", 0, 0, 0, 8, 0, 4, 12
"d:\Code\freshmart-irs\backend\src\main\java\com\freshmart\irs\enums\UserStatus.java", "Java", 0, 0, 0, 7, 0, 4, 11
"d:\Code\freshmart-irs\backend\src\main\java\com\freshmart\irs\mapper\AuditEventMapper.java", "Java", 0, 0, 0, 5, 0, 3, 8
"d:\Code\freshmart-irs\backend\src\main\java\com\freshmart\irs\mapper\RoleMapper.java", "Java", 0, 0, 0, 5, 0, 3, 8
"d:\Code\freshmart-irs\backend\src\main\java\com\freshmart\irs\mapper\UserMapper.java", "Java", 0, 0, 0, 5, 0, 3, 8
"d:\Code\freshmart-irs\backend\src\main\java\com\freshmart\irs\mapper\UserRoleMapper.java", "Java", 0, 0, 0, 5, 0, 3, 8
"d:\Code\freshmart-irs\backend\src\main\java\com\freshmart\irs\security\ApiResponseAccessDeniedHandler.java", "Java", 0, 0, 0, 30, 0, 6, 36
"d:\Code\freshmart-irs\backend\src\main\java\com\freshmart\irs\security\ApiResponseAuthenticationEntryPoint.java", "Java", 0, 0, 0, 30, 0, 6, 36
"d:\Code\freshmart-irs\backend\src\main\java\com\freshmart\irs\security\JwtAuthenticationFilter.java", "Java", 0, 0, 0, 55, 0, 6, 61
"d:\Code\freshmart-irs\backend\src\main\java\com\freshmart\irs\security\JwtPrincipal.java", "Java", 0, 0, 0, 21, 0, 7, 28
"d:\Code\freshmart-irs\backend\src\main\java\com\freshmart\irs\security\JwtProperties.java", "Java", 0, 0, 0, 26, 0, 9, 35
"d:\Code\freshmart-irs\backend\src\main\java\com\freshmart\irs\security\JwtService.java", "Java", 0, 0, 0, 53, 0, 12, 65
"d:\Code\freshmart-irs\backend\src\main\java\com\freshmart\irs\security\SecurityConfig.java", "Java", 0, 0, 0, 49, 0, 7, 56
"d:\Code\freshmart-irs\backend\src\main\java\com\freshmart\irs\service\AuditEventService.java", "Java", 0, 0, 0, 30, 0, 5, 35
"d:\Code\freshmart-irs\backend\src\main\resources\application.yml", "YAML", 0, 28, 0, 0, 0, 6, 34
"d:\Code\freshmart-irs\backend\target\classes\application.yml", "YAML", 0, 28, 0, 0, 0, 6, 34
"d:\Code\freshmart-irs\backend\target\classes\com\freshmart\irs\FreshmartIrsBackendApplication.class", "Java", 0, 0, 0, 8, 0, 0, 8
"d:\Code\freshmart-irs\backend\target\classes\com\freshmart\irs\api\AlertsController.class", "Java", 0, 0, 0, 29, 0, 0, 29
"d:\Code\freshmart-irs\backend\target\classes\com\freshmart\irs\api\AuthController$PermissionsResponse.class", "Java", 0, 0, 0, 10, 0, 0, 10
"d:\Code\freshmart-irs\backend\target\classes\com\freshmart\irs\api\AuthController.class", "Java", 0, 0, 0, 17, 0, 0, 17
"d:\Code\freshmart-irs\backend\target\classes\com\freshmart\irs\api\CartsController.class", "Java", 0, 0, 0, 24, 0, 0, 24
"d:\Code\freshmart-irs\backend\target\classes\com\freshmart\irs\api\CustomerOrdersController.class", "Java", 0, 0, 0, 26, 0, 1, 27
"d:\Code\freshmart-irs\backend\target\classes\com\freshmart\irs\api\InventoryController.class", "Java", 0, 0, 0, 27, 0, 3, 30
"d:\Code\freshmart-irs\backend\target\classes\com\freshmart\irs\api\PaymentsController.class", "Java", 0, 0, 0, 12, 0, 0, 12
"d:\Code\freshmart-irs\backend\target\classes\com\freshmart\irs\api\ProductsController.class", "Java", 0, 0, 0, 16, 0, 0, 16
"d:\Code\freshmart-irs\backend\target\classes\com\freshmart\irs\api\ReplenishmentSuggestionsController.class", "Java", 0, 0, 0, 28, 0, 0, 28
"d:\Code\freshmart-irs\backend\target\classes\com\freshmart\irs\api\RolesController.class", "Java", 0, 0, 0, 17, 0, 0, 17
"d:\Code\freshmart-irs\backend\target\classes\com\freshmart\irs\api\SalesController.class", "Java", 0, 0, 0, 27, 0, 2, 29
"d:\Code\freshmart-irs\backend\target\classes\com\freshmart\irs\api\StockInController.class", "Java", 0, 0, 0, 26, 0, 2, 28
"d:\Code\freshmart-irs\backend\target\classes\com\freshmart\irs\api\UsersController.class", "Java", 0, 0, 0, 18, 0, 0, 18
"d:\Code\freshmart-irs\backend\target\classes\com\freshmart\irs\common\ApiResponse.class", "Java", 0, 0, 0, 16, 0, 0, 16
"d:\Code\freshmart-irs\backend\target\classes\com\freshmart\irs\common\BizException.class", "Java", 0, 0, 0, 7, 0, 0, 7
"d:\Code\freshmart-irs\backend\target\classes\com\freshmart\irs\common\ErrorCode.class", "Java", 0, 0, 0, 18, 0, 0, 18
"d:\Code\freshmart-irs\backend\target\classes\com\freshmart\irs\common\GlobalExceptionHandler.class", "Java", 0, 0, 0, 15, 0, 0, 15
"d:\Code\freshmart-irs\backend\target\classes\com\freshmart\irs\common\PageResponse.class", "Java", 0, 0, 0, 10, 0, 0, 10
"d:\Code\freshmart-irs\backend\target\classes\com\freshmart\irs\common\TraceIdHolder.class", "Java", 0, 0, 0, 21, 0, 0, 21
"d:\Code\freshmart-irs\backend\target\classes\com\freshmart\irs\config\MybatisPlusConfig.class", "Java", 0, 0, 0, 12, 0, 0, 12
"d:\Code\freshmart-irs\backend\target\classes\com\freshmart\irs\config\OpenApiConfig.class", "Java", 0, 0, 0, 24, 0, 0, 24
"d:\Code\freshmart-irs\backend\target\classes\com\freshmart\irs\config\TraceIdFilter.class", "Java", 0, 0, 0, 10, 0, 0, 10
"d:\Code\freshmart-irs\backend\target\classes\com\freshmart\irs\dto\alert\AlertActionCreateRequest.class", "Java", 0, 0, 0, 10, 0, 0, 10
"d:\Code\freshmart-irs\backend\target\classes\com\freshmart\irs\dto\alert\AlertActionResponse.class", "Java", 0, 0, 0, 13, 0, 0, 13
"d:\Code\freshmart-irs\backend\target\classes\com\freshmart\irs\dto\alert\AlertDetailResponse.class", "Java", 0, 0, 0, 31, 0, 0, 31
"d:\Code\freshmart-irs\backend\target\classes\com\freshmart\irs\dto\alert\AlertListItemResponse.class", "Java", 0, 0, 0, 15, 0, 0, 15
"d:\Code\freshmart-irs\backend\target\classes\com\freshmart\irs\dto\auth\LoginRequest.class", "Java", 0, 0, 0, 9, 0, 0, 9
"d:\Code\freshmart-irs\backend\target\classes\com\freshmart\irs\dto\auth\LoginResponse.class", "Java", 0, 0, 0, 10, 0, 0, 10
"d:\Code\freshmart-irs\backend\target\classes\com\freshmart\irs\dto\auth\MeResponse.class", "Java", 0, 0, 0, 10, 0, 0, 10
"d:\Code\freshmart-irs\backend\target\classes\com\freshmart\irs\dto\auth\RegisterRequest.class", "Java", 0, 0, 0, 16, 0, 0, 16
"d:\Code\freshmart-irs\backend\target\classes\com\freshmart\irs\dto\cart\CartItemRemoveResponse.class", "Java", 0, 0, 0, 9, 0, 0, 9
"d:\Code\freshmart-irs\backend\target\classes\com\freshmart\irs\dto\cart\CartItemResponse.class", "Java", 0, 0, 0, 10, 0, 0, 10
"d:\Code\freshmart-irs\backend\target\classes\com\freshmart\irs\dto\cart\CartItemSetRequest.class", "Java", 0, 0, 0, 10, 0, 0, 10
"d:\Code\freshmart-irs\backend\target\classes\com\freshmart\irs\dto\cart\CartItemSetResponse.class", "Java", 0, 0, 0, 10, 0, 0, 10
"d:\Code\freshmart-irs\backend\target\classes\com\freshmart\irs\dto\cart\CartResponse.class", "Java", 0, 0, 0, 10, 0, 0, 10
"d:\Code\freshmart-irs\backend\target\classes\com\freshmart\irs\dto\common\IdResponse.class", "Java", 0, 0, 0, 10, 0, 0, 10
"d:\Code\freshmart-irs\backend\target\classes\com\freshmart\irs\dto\customerorder\CustomerOrderCreateItemRequest.class", "Java", 0, 0, 0, 10, 0, 0, 10
"d:\Code\freshmart-irs\backend\target\classes\com\freshmart\irs\dto\customerorder\CustomerOrderCreateRequest.class", "Java", 0, 0, 0, 9, 0, 0, 9
"d:\Code\freshmart-irs\backend\target\classes\com\freshmart\irs\dto\customerorder\CustomerOrderCreateResponse.class", "Java", 0, 0, 0, 9, 0, 0, 9
"d:\Code\freshmart-irs\backend\target\classes\com\freshmart\irs\dto\customerorder\CustomerOrderDetailResponse.class", "Java", 0, 0, 0, 14, 0, 0, 14
"d:\Code\freshmart-irs\backend\target\classes\com\freshmart\irs\dto\customerorder\CustomerOrderItemResponse.class", "Java", 0, 0, 0, 10, 0, 0, 10
"d:\Code\freshmart-irs\backend\target\classes\com\freshmart\irs\dto\customerorder\CustomerOrderListItemResponse.class", "Java", 0, 0, 0, 9, 0, 0, 9
"d:\Code\freshmart-irs\backend\target\classes\com\freshmart\irs\dto\inventory\InventoryBatchListItemResponse.class", "Java", 0, 0, 0, 16, 0, 0, 16
"d:\Code\freshmart-irs\backend\target\classes\com\freshmart\irs\dto\inventory\InventoryLedgerListItemResponse.class", "Java", 0, 0, 0, 18, 0, 0, 18
"d:\Code\freshmart-irs\backend\target\classes\com\freshmart\irs\dto\payment\CustomerOrderPaymentRequest.class", "Java", 0, 0, 0, 10, 0, 0, 10
"d:\Code\freshmart-irs\backend\target\classes\com\freshmart\irs\dto\payment\CustomerOrderPaymentResponse.class", "Java", 0, 0, 0, 10, 0, 0, 10
"d:\Code\freshmart-irs\backend\target\classes\com\freshmart\irs\dto\payment\PaymentDetailResponse.class", "Java", 0, 0, 0, 10, 0, 0, 10
"d:\Code\freshmart-irs\backend\target\classes\com\freshmart\irs\dto\payment\PaymentSummaryResponse.class", "Java", 0, 0, 0, 9, 0, 0, 9
"d:\Code\freshmart-irs\backend\target\classes\com\freshmart\irs\dto\product\ProductDetailResponse.class", "Java", 0, 0, 0, 9, 0, 0, 9
"d:\Code\freshmart-irs\backend\target\classes\com\freshmart\irs\dto\product\ProductListItemResponse.class", "Java", 0, 0, 0, 10, 0, 0, 10
"d:\Code\freshmart-irs\backend\target\classes\com\freshmart\irs\dto\product\ProductUpsertRequest.class", "Java", 0, 0, 0, 10, 0, 0, 10
"d:\Code\freshmart-irs\backend\target\classes\com\freshmart\irs\dto\replenishment\ReplenishmentApproveRequest.class", "Java", 0, 0, 0, 11, 0, 0, 11
"d:\Code\freshmart-irs\backend\target\classes\com\freshmart\irs\dto\replenishment\ReplenishmentApproveResponse.class", "Java", 0, 0, 0, 11, 0, 0, 11
"d:\Code\freshmart-irs\backend\target\classes\com\freshmart\irs\dto\replenishment\ReplenishmentDetailResponse.class", "Java", 0, 0, 0, 13, 0, 0, 13
"d:\Code\freshmart-irs\backend\target\classes\com\freshmart\irs\dto\replenishment\ReplenishmentGenerateRequest.class", "Java", 0, 0, 0, 18, 0, 0, 18
"d:\Code\freshmart-irs\backend\target\classes\com\freshmart\irs\dto\replenishment\ReplenishmentGenerateResponse.class", "Java", 0, 0, 0, 9, 0, 0, 9
"d:\Code\freshmart-irs\backend\target\classes\com\freshmart\irs\dto\replenishment\ReplenishmentItemResponse.class", "Java", 0, 0, 0, 10, 0, 0, 10
"d:\Code\freshmart-irs\backend\target\classes\com\freshmart\irs\dto\replenishment\ReplenishmentListItemResponse.class", "Java", 0, 0, 0, 12, 0, 0, 12
"d:\Code\freshmart-irs\backend\target\classes\com\freshmart\irs\dto\replenishment\ReplenishmentRejectRequest.class", "Java", 0, 0, 0, 10, 0, 0, 10
"d:\Code\freshmart-irs\backend\target\classes\com\freshmart\irs\dto\replenishment\ReplenishmentRejectResponse.class", "Java", 0, 0, 0, 11, 0, 0, 11
"d:\Code\freshmart-irs\backend\target\classes\com\freshmart\irs\dto\role\RoleResponse.class", "Java", 0, 0, 0, 9, 0, 0, 9
"d:\Code\freshmart-irs\backend\target\classes\com\freshmart\irs\dto\sale\SaleOrderCreateItemRequest.class", "Java", 0, 0, 0, 9, 0, 0, 9
"d:\Code\freshmart-irs\backend\target\classes\com\freshmart\irs\dto\sale\SaleOrderCreateRequest.class", "Java", 0, 0, 0, 15, 0, 0, 15
"d:\Code\freshmart-irs\backend\target\classes\com\freshmart\irs\dto\sale\SaleOrderCreateResponse.class", "Java", 0, 0, 0, 9, 0, 0, 9
"d:\Code\freshmart-irs\backend\target\classes\com\freshmart\irs\dto\sale\SaleOrderDetailResponse.class", "Java", 0, 0, 0, 10, 0, 0, 10
"d:\Code\freshmart-irs\backend\target\classes\com\freshmart\irs\dto\sale\SaleOrderItemResponse.class", "Java", 0, 0, 0, 11, 0, 0, 11
"d:\Code\freshmart-irs\backend\target\classes\com\freshmart\irs\dto\sale\SaleOrderListItemResponse.class", "Java", 0, 0, 0, 10, 0, 0, 10
"d:\Code\freshmart-irs\backend\target\classes\com\freshmart\irs\dto\stockin\StockInOrderCreateItemRequest.class", "Java", 0, 0, 0, 12, 0, 0, 12
"d:\Code\freshmart-irs\backend\target\classes\com\freshmart\irs\dto\stockin\StockInOrderCreateRequest.class", "Java", 0, 0, 0, 18, 0, 0, 18
"d:\Code\freshmart-irs\backend\target\classes\com\freshmart\irs\dto\stockin\StockInOrderCreateResponse.class", "Java", 0, 0, 0, 10, 0, 0, 10
"d:\Code\freshmart-irs\backend\target\classes\com\freshmart\irs\dto\stockin\StockInOrderDetailResponse.class", "Java", 0, 0, 0, 11, 0, 0, 11
"d:\Code\freshmart-irs\backend\target\classes\com\freshmart\irs\dto\stockin\StockInOrderItemResponse.class", "Java", 0, 0, 0, 13, 0, 0, 13
"d:\Code\freshmart-irs\backend\target\classes\com\freshmart\irs\dto\stockin\StockInOrderListItemResponse.class", "Java", 0, 0, 0, 11, 0, 0, 11
"d:\Code\freshmart-irs\backend\target\classes\com\freshmart\irs\dto\user\UserCreateRequest.class", "Java", 0, 0, 0, 9, 0, 0, 9
"d:\Code\freshmart-irs\backend\target\classes\com\freshmart\irs\dto\user\UserDetailResponse.class", "Java", 0, 0, 0, 10, 0, 0, 10
"d:\Code\freshmart-irs\backend\target\classes\com\freshmart\irs\dto\user\UserListItemResponse.class", "Java", 0, 0, 0, 10, 0, 0, 10
"d:\Code\freshmart-irs\backend\target\classes\com\freshmart\irs\dto\user\UserRolesUpdateRequest.class", "Java", 0, 0, 0, 11, 0, 0, 11
"d:\Code\freshmart-irs\backend\target\classes\com\freshmart\irs\dto\user\UserUpdateRequest.class", "Java", 0, 0, 0, 10, 0, 0, 10
"d:\Code\freshmart-irs\backend\target\classes\com\freshmart\irs\entity\AuditEventEntity.class", "Java", 0, 0, 0, 36, 0, 0, 36
"d:\Code\freshmart-irs\backend\target\classes\com\freshmart\irs\entity\RoleEntity.class", "Java", 0, 0, 0, 20, 0, 0, 20
"d:\Code\freshmart-irs\backend\target\classes\com\freshmart\irs\entity\UserEntity.class", "Java", 0, 0, 0, 28, 0, 0, 28
"d:\Code\freshmart-irs\backend\target\classes\com\freshmart\irs\entity\UserRoleEntity.class", "Java", 0, 0, 0, 16, 0, 0, 16
"d:\Code\freshmart-irs\backend\target\classes\com\freshmart\irs\enums\AlertStatus.class", "Java", 0, 0, 0, 19, 0, 0, 19
"d:\Code\freshmart-irs\backend\target\classes\com\freshmart\irs\enums\CustomerOrderStatus.class", "Java", 0, 0, 0, 19, 0, 0, 19
"d:\Code\freshmart-irs\backend\target\classes\com\freshmart\irs\enums\PaymentStatus.class", "Java", 0, 0, 0, 19, 0, 0, 19
"d:\Code\freshmart-irs\backend\target\classes\com\freshmart\irs\enums\ProductStatus.class", "Java", 0, 0, 0, 19, 0, 0, 19
"d:\Code\freshmart-irs\backend\target\classes\com\freshmart\irs\enums\ReplenishmentApprovalStatus.class", "Java", 0, 0, 0, 18, 0, 0, 18
"d:\Code\freshmart-irs\backend\target\classes\com\freshmart\irs\enums\UserStatus.class", "Java", 0, 0, 0, 19, 0, 0, 19
"d:\Code\freshmart-irs\backend\target\classes\com\freshmart\irs\mapper\AuditEventMapper.class", "Java", 0, 0, 0, 2, 0, 1, 3
"d:\Code\freshmart-irs\backend\target\classes\com\freshmart\irs\mapper\RoleMapper.class", "Java", 0, 0, 0, 2, 0, 1, 3
"d:\Code\freshmart-irs\backend\target\classes\com\freshmart\irs\mapper\UserMapper.class", "Java", 0, 0, 0, 2, 0, 1, 3
"d:\Code\freshmart-irs\backend\target\classes\com\freshmart\irs\mapper\UserRoleMapper.class", "Java", 0, 0, 0, 2, 0, 1, 3
"d:\Code\freshmart-irs\backend\target\classes\com\freshmart\irs\security\ApiResponseAccessDeniedHandler.class", "Java", 0, 0, 0, 15, 0, 0, 15
"d:\Code\freshmart-irs\backend\target\classes\com\freshmart\irs\security\ApiResponseAuthenticationEntryPoint.class", "Java", 0, 0, 0, 16, 0, 0, 16
"d:\Code\freshmart-irs\backend\target\classes\com\freshmart\irs\security\JwtAuthenticationFilter.class", "Java", 0, 0, 0, 40, 0, 0, 40
"d:\Code\freshmart-irs\backend\target\classes\com\freshmart\irs\security\JwtPrincipal.class", "Java", 0, 0, 0, 9, 0, 0, 9
"d:\Code\freshmart-irs\backend\target\classes\com\freshmart\irs\security\JwtProperties.class", "Java", 0, 0, 0, 9, 0, 0, 9
"d:\Code\freshmart-irs\backend\target\classes\com\freshmart\irs\security\JwtService$ParsedToken.class", "Java", 0, 0, 0, 9, 0, 0, 9
"d:\Code\freshmart-irs\backend\target\classes\com\freshmart\irs\security\JwtService.class", "Java", 0, 0, 0, 35, 0, 0, 35
"d:\Code\freshmart-irs\backend\target\classes\com\freshmart\irs\security\SecurityConfig.class", "Java", 0, 0, 0, 36, 5, 0, 41
"d:\Code\freshmart-irs\backend\target\classes\com\freshmart\irs\service\AuditEventService.class", "Java", 0, 0, 0, 26, 0, 0, 26
"d:\Code\freshmart-irs\backend\target\maven-archiver\pom.properties", "Java Properties", 3, 0, 0, 0, 0, 1, 4
"d:\Code\freshmart-irs\backend\target\surefire-reports\TEST-com.freshmart.irs.AuthFlowTest.xml", "XML", 0, 0, 109, 0, 0, 6, 115
"Total", "-", 3, 56, 194, 3861, 5, 605, 4724